"","ABBA","ACFR","ACSA","AMCA","AMGR","CEOC","CRCO","FRPE","JUNI","OSVI","PNST","QUBI","QUMA","QURU","TIAM","ULAM"
"S1",0,0,0,0,10,0,10,0,0,0,0,0,0,0,0,0
"S10",0,0,3,0,0,0,0,0,0,0,0,0,2,0,0,0
"S101",0,1,0,0,0,0,0,0,0,0,0,0,0,0,0,1
"S102",0,0,5,0,0,0,0,0,0,0,0,0,1,0,0,0
"S104",0,0,2,0,0,0,0,0,0,0,0,0,0,0,0,0
"S11",0,0,0,0,0,0,0,1,0,0,0,0,0,0,0,0
"S110",0,0,3,0,0,0,0,0,0,0,0,0,0,0,0,0
"S112",0,4,0,0,0,0,0,0,0,0,0,0,0,0,0,0
"S113",0,0,0,0,5,0,0,0,0,0,0,0,0,0,0,0
"S116",0,0,0,0,0,0,0,0,0,0,0,0,0,0,0,1
"S117",0,0,0,0,0,9,0,0,0,0,1,0,0,0,0,0
"S119",0,0,4,0,0,2,0,0,0,0,0,0,0,0,0,0
"S12",0,6,0,0,0,0,0,0,0,0,0,0,0,0,0,0
"S120",5,0,2,1,0,1,0,0,0,0,0,0,1,0,0,1
"S124",0,0,0,0,0,0,0,0,0,0,0,0,2,0,0,0
"S125",0,0,0,0,0,0,0,0,0,0,0,0,0,1,0,0
"S126",0,0,0,0,0,0,0,0,0,0,0,0,2,0,0,0
"S127",0,0,0,0,0,0,0,0,0,0,0,1,0,0,0,0
"S14",0,0,0,0,0,0,0,0,0,0,0,0,0,0,6,0
"S15",0,0,5,0,0,0,0,1,0,0,0,0,0,0,0,0
"S16",0,0,10,0,0,0,0,1,0,0,0,0,0,0,0,0
"S18",0,0,3,0,0,0,0,0,0,0,0,0,0,0,0,0
"S2",0,0,0,0,0,0,0,1,0,0,0,0,0,0,0,0
"S20",0,0,0,0,0,0,0,0,0,0,0,0,3,0,0,0
"S21",0,0,1,0,0,0,0,0,0,0,0,5,0,0,0,0
"S22",0,0,2,0,0,0,0,0,0,0,0,0,0,0,0,0
"S24",0,1,3,0,0,0,0,0,0,0,0,0,0,0,0,0
"S25",0,0,1,0,0,0,0,0,0,0,0,0,0,0,0,0
"S29",0,0,2,0,0,0,0,0,0,0,0,0,0,0,0,0
"S3",0,0,2,0,0,0,0,0,0,0,0,0,0,0,0,0
"S32",0,0,2,0,0,0,0,0,0,0,0,0,0,0,0,0
"S33",0,0,1,0,0,1,0,0,0,0,0,0,0,0,0,0
"S35",0,0,6,0,0,0,0,0,0,0,0,0,0,0,0,0
"S36",0,0,6,0,0,0,0,0,0,0,0,0,0,0,0,0
"S38",0,0,0,0,0,0,0,0,0,0,0,0,2,0,0,0
"S4",0,0,0,0,0,0,0,0,0,0,0,0,1,0,0,0
"S41",0,0,0,0,0,0,0,0,0,0,0,0,1,0,0,0
"S42",0,0,0,0,0,0,0,0,0,0,0,0,1,0,0,0
"S43",0,0,3,0,0,0,0,0,0,0,0,0,0,0,0,0
"S44",0,0,3,0,0,0,0,0,0,0,0,0,0,0,0,0
"S45",0,0,0,0,0,0,0,0,0,0,0,0,0,0,0,1
"S48",0,0,0,0,0,0,0,0,0,0,0,0,1,0,0,0
"S5",0,0,1,0,0,0,0,0,0,0,0,0,0,0,0,0
"S50",0,0,4,0,0,0,0,0,0,0,0,0,0,0,0,0
"S55",0,1,0,0,0,0,0,3,0,0,0,0,0,0,0,0
"S56",0,0,0,0,0,0,0,0,0,0,0,0,1,0,0,2
"S58",0,0,0,0,0,0,0,0,0,0,0,0,1,0,0,0
"S59",0,0,1,0,0,0,0,0,0,0,0,0,0,0,0,0
"S6",0,0,0,0,0,0,0,0,0,0,0,0,3,0,0,0
"S60",0,0,1,0,0,0,0,0,0,0,0,0,0,0,0,0
"S62",0,2,0,0,0,0,0,4,0,0,0,0,0,0,0,0
"S63",0,1,0,0,0,1,0,0,0,0,0,0,0,0,0,0
"S65",0,0,0,0,0,1,0,0,0,0,0,0,0,0,0,0
"S66",0,0,0,0,0,3,0,1,0,0,0,0,1,0,0,0
"S67",0,0,0,0,0,1,0,0,0,0,0,0,0,0,0,0
"S69",0,0,0,0,0,0,0,0,0,0,0,0,0,0,0,2
"S70",0,0,5,0,0,0,0,0,0,0,0,0,0,0,0,0
"S72",0,1,2,0,0,0,0,0,0,0,0,0,0,0,0,2
"S74",0,0,0,0,0,0,0,0,0,0,0,0,0,0,0,11
"S76",0,0,0,0,0,0,0,0,0,0,0,0,1,0,0,0
"S77",0,0,0,0,0,0,0,0,0,0,0,0,0,0,0,2
"S79",0,0,0,0,0,3,0,0,0,0,0,0,1,0,0,0
"S8",0,8,0,0,0,0,0,0,0,0,0,0,0,0,0,0
"S80",0,0,0,0,0,0,0,0,0,0,0,0,3,0,0,0
"S81",0,0,2,0,0,0,0,0,0,0,0,0,0,0,0,0
"S82",0,0,0,0,0,1,0,0,0,0,0,0,0,0,0,0
"S84",0,0,1,0,0,0,0,0,0,1,0,0,0,0,0,1
"S88",0,1,0,0,0,8,0,0,0,0,0,0,3,0,0,0
"S89",0,0,0,0,0,10,0,0,0,0,0,0,0,0,0,0
"S9",0,0,0,0,0,2,0,0,0,0,0,0,0,0,0,0
"S90",0,0,0,0,0,1,0,3,0,0,0,0,1,0,0,0
"S91",0,0,0,0,0,2,0,2,0,0,0,0,0,0,0,0
"S92",0,0,0,0,0,1,0,3,0,0,0,0,0,0,0,0
"S93",0,0,0,0,0,2,0,1,0,0,0,0,0,0,0,0
"S95",0,0,0,0,0,3,0,0,1,0,0,0,0,0,0,0
"S96",0,3,1,0,0,0,0,0,0,0,0,0,0,0,0,0
"S97",0,0,0,0,0,0,0,0,0,0,0,0,0,0,0,1
"S98",0,0,8,0,0,0,0,0,0,0,0,0,0,0,0,0
